name,N,alpha0_best,A_morph,chi2_WT_best,chi2_WT_kappa,chi2_MOND,chi2_LCDM,WT_wins,MOND_wins,LCDM_wins,delta_chi2_WT_MOND,delta_chi2_WT_LCDM,Vmax_kms,Rout_kpc,f_gas_mean,f_gas_outer,M200_Msun,log10_M200,a_char,log10_a_char,m_used,A_morph_cluster,A_morph_cluster_confidence,A_morph_cluster_center
CamB,9,0.207,0.187956,3.72669,87.3093,139.663,31.7723,1,0,0,-135.936,-28.0456,20.1,1.79,0.202761,0.176808,2697220000.0,9.43092,7.31457e-12,-11.1358,1,1,1.0,1.1364993942857144
D512-2,4,0.831,0.754548,0.096332,1.89333,8.10943,0.17326,1,0,0,-8.0131,-0.0769283,37.2,3.83,0.101407,0.139651,17098400000.0,10.233,1.17095e-11,-10.9315,1,1,1.0,1.1364993942857144
D564-8,6,0.629,0.571132,1.53595,13.7708,28.7647,2.53369,1,0,0,-27.2288,-0.997736,25.0,3.07,0.34957,0.458547,5189770000.0,9.71515,6.59768e-12,-11.1806,1,1,1.0,1.1364993942857144
D631-7,16,0.961,0.872588,10.8107,12.5965,31.5709,10.8508,1,0,0,-20.7602,-0.0400701,58.5,7.19,0.581315,0.688432,66496000000.0,10.8228,1.54253e-11,-10.8118,1,1,1.0,1.1364993942857144
DDO064,14,1.238,1.1241,0.423152,0.565616,0.795886,1.4804,1,0,0,-0.372733,-1.05724,46.9,2.98,0.300048,0.623985,34264600000.0,10.5348,2.3921e-11,-10.6212,1,1,1.0,1.1364993942857144
DDO154,12,1.25,1.135,15.1721,77.0623,72.9237,336.548,1,0,0,-57.7516,-321.376,48.2,5.92,0.650202,0.861917,37193700000.0,10.5705,1.27181e-11,-10.8956,1,1,1.0,1.1364993942857144
DDO161,31,0.841,0.763628,2.29924,33.9354,136.978,6.53372,1,0,0,-134.679,-4.23448,67.5,13.37,0.599657,0.807232,102150000000.0,11.0092,1.1044e-11,-10.9569,1,1,1.0,1.1364993942857144
DDO168,10,1.165,1.05782,9.85899,10.3799,23.8707,19.3486,1,0,0,-14.0117,-9.48959,55.0,4.12,0.638275,0.658665,55260600000.0,10.7424,2.37946e-11,-10.6235,1,1,1.0,1.1364993942857144
DDO170,8,0.87,0.78996,3.48107,37.3253,162.007,2.2897,0,0,1,-158.525,1.19137,62.2,12.33,0.568859,0.73347,79928000000.0,10.9027,1.01687e-11,-10.9927,1,1,1.0,1.1364993942857144
ESO079-G014,15,1.675,1.5209,3.0428,44.0662,2.8156,4.75397,0,1,0,0.227197,-1.71117,178.0,16.67,0.0303848,0.0960279,1873220000000.0,12.2726,6.15962e-11,-10.2104,1,1,1.0,1.1364993942857144
ESO116-G012,15,1.78,1.61624,1.87058,44.4727,5.62844,29.8662,1,0,0,-3.75786,-27.9956,112.0,9.86,0.137475,0.346459,466640000000.0,11.669,4.12295e-11,-10.3848,1,1,1.0,1.1364993942857144
ESO444-G084,7,2.309,2.09657,1.20754,63.032,30.0193,68.3439,1,0,0,-28.8118,-67.1364,63.1,4.44,0.57945,0.741583,83448000000.0,10.9214,2.9062e-11,-10.5367,1,1,1.0,1.1364993942857144
ESO563-G021,30,2.456,2.23005,17.941,54.7508,28.9294,17.5444,0,0,1,-10.9884,0.396655,321.0,42.41,0.0255893,0.0997497,10986100000000.0,13.0408,7.87392e-11,-10.1038,1,1,1.0,1.1364993942857144
F561-1,6,0.386,0.350488,0.617916,27.0496,54.4171,9.53815,1,0,0,-53.7992,-8.92024,50.4,9.66,0.151849,0.259402,42522600000.0,10.6286,8.52184e-12,-11.0695,1,1,1.0,1.1364993942857144
F563-1,17,1.812,1.6453,1.15113,4.39119,1.99694,2.69166,1,0,0,-0.845806,-1.54054,112.5,20.1,0.361495,0.719421,472917000000.0,11.6748,2.0406e-11,-10.6902,1,1,1.0,1.1364993942857144
F563-V1,6,0.254,0.230632,0.274931,26.9671,42.6715,5.28638,1,0,0,-42.3966,-5.01145,29.5,7.87,0.296908,0.427738,8526950000.0,9.93079,3.58359e-12,-11.4457,1,1,1.0,1.1364993942857144
F563-V2,10,2.544,2.30995,0.68517,6.37502,3.1299,4.88306,1,0,0,-2.44473,-4.19789,118.0,10.47,0.2233,0.523129,545725000000.0,11.737,4.3099e-11,-10.3655,1,1,1.0,1.1364993942857144
F565-V2,7,1.639,1.48821,0.279159,3.60103,0.810113,3.08858,1,0,0,-0.530954,-2.80942,83.1,8.8,0.448255,0.678066,190603000000.0,11.2801,2.54313e-11,-10.5946,1,1,1.0,1.1364993942857144
F567-2,5,0.622,0.564776,0.363352,5.31308,12.9817,1.06531,1,0,0,-12.6183,-0.701954,52.2,9.59,0.158531,0.349398,47243200000.0,10.6743,9.20814e-12,-11.0358,1,1,1.0,1.1364993942857144
F568-1,12,2.461,2.23459,0.775937,10.4011,4.82172,6.47785,1,0,0,-4.04578,-5.70191,142.0,13.23,0.167544,0.473829,951027000000.0,11.9782,4.93931e-11,-10.3063,1,1,1.0,1.1364993942857144
F568-3,18,1.137,1.0324,2.79419,2.81555,4.88029,3.74004,1,0,0,-2.0861,-0.945843,120.0,17.98,0.116064,0.388103,573947000000.0,11.7589,2.59551e-11,-10.5858,1,1,1.0,1.1364993942857144
F568-V1,15,2.545,2.31086,1.01102,11.5673,5.68976,8.66275,1,0,0,-4.67874,-7.65173,118.0,17.63,0.130928,0.542008,545725000000.0,11.737,2.55954e-11,-10.5918,1,1,1.0,1.1364993942857144
F571-8,13,1.831,1.66255,37.7777,55.0249,42.9916,58.0158,1,0,0,-5.21395,-20.2381,144.0,15.55,0.0126095,0.0397654,991780000000.0,11.9964,4.32159e-11,-10.3644,1,1,1.0,1.1364993942857144
F571-V1,7,1.159,1.05237,0.176633,0.252516,1.72754,0.693767,1,0,0,-1.5509,-0.517134,84.3,13.59,0.349309,0.540022,198980000000.0,11.2988,1.69467e-11,-10.7709,1,1,1.0,1.1364993942857144
F574-1,14,1.415,1.28482,1.99288,6.20081,1.98794,5.5387,0,1,0,0.0049418,-3.54582,99.7,12.6,0.0886164,0.263491,329165000000.0,11.5174,2.55664e-11,-10.5923,1,1,1.0,1.1364993942857144
F574-2,5,0.207,0.187956,0.08741,18.4937,29.2981,5.90196,1,0,0,-29.2107,-5.81455,40.0,10.83,0.216499,0.37561,21257300000.0,10.3275,4.78785e-12,-11.3199,1,1,1.0,1.1364993942857144
F579-V1,14,1.627,1.47732,2.8912,5.07511,2.5532,3.41768,0,1,0,0.337999,-0.526476,114.0,15.16,0.0598999,0.21268,492087000000.0,11.692,2.77818e-11,-10.5562,1,1,1.0,1.1364993942857144
F583-1,25,1.426,1.29481,1.77444,3.39276,1.78195,2.43726,1,0,0,-0.0075057,-0.662816,86.9,16.26,0.184501,0.842659,217965000000.0,11.3384,1.50511e-11,-10.8224,1,1,1.0,1.1364993942857144
F583-4,12,0.994,0.902552,0.111809,0.457473,6.26298,0.17692,1,0,0,-6.15117,-0.0651116,69.9,7.29,0.061681,0.146784,113438000000.0,11.0548,2.17208e-11,-10.6631,1,1,1.0,1.1364993942857144
IC2574,34,0.634,0.575672,31.3443,191.748,420.636,183.295,1,0,0,-389.292,-151.951,67.5,10.23,0.252324,0.562329,102150000000.0,11.0092,1.44338e-11,-10.8406,1,1,1.0,1.1364993942857144
IC4202,32,1.683,1.52816,46.821,54.4686,50.6281,62.6835,1,0,0,-3.80714,-15.8626,250.0,25.9,0.0272348,0.0959446,5189770000000.0,12.7151,7.82041e-11,-10.1068,1,1,1.0,1.1364993942857144
KK98-251,15,0.664,0.602912,1.27394,12.0988,29.9113,3.40402,1,0,0,-28.6374,-2.13008,34.6,3.13,0.583226,0.661648,13758000000.0,10.1386,1.23953e-11,-10.9067,1,1,1.0,1.1364993942857144
NGC0024,29,2.02,1.83416,3.80855,16.7764,6.82878,10.6904,1,0,0,-3.02024,-6.88181,110.0,11.27,0.0562828,0.207929,442085000000.0,11.6455,3.47945e-11,-10.4585,1,1,1.0,1.1364993942857144
NGC0055,21,0.942,0.855336,3.70123,8.20035,58.22,8.88984,1,0,0,-54.5188,-5.1886,87.4,13.5,0.39812,0.32899,221749000000.0,11.3459,1.83374e-11,-10.7367,1,1,1.0,1.1364993942857144
NGC0100,21,1.193,1.08324,1.25,1.49991,5.34123,2.37373,1,0,0,-4.09123,-1.12373,91.2,9.62,0.0816668,0.225205,251949000000.0,11.4013,2.80197e-11,-10.5525,1,1,1.0,1.1364993942857144
NGC0247,26,1.319,1.19765,3.05595,11.1968,10.2542,3.29528,1,0,0,-7.19825,-0.23933,108.0,14.54,0.172577,0.297435,418407000000.0,11.6216,2.59976e-11,-10.5851,1,1,1.0,1.1364993942857144
NGC0289,28,1.066,0.967928,4.09836,4.23649,21.8013,10.8155,1,0,0,-17.7029,-6.71715,194.0,71.12,0.220711,0.391749,2425120000000.0,12.3847,1.71499e-11,-10.7657,1,1,1.0,1.1364993942857144
NGC0300,25,1.461,1.32659,0.591647,8.14074,1.21262,7.30167,1,0,0,-0.620969,-6.71003,97.0,11.8,0.158193,0.276235,303140000000.0,11.4816,2.58411e-11,-10.5877,1,1,1.0,1.1364993942857144
NGC0801,13,0.83,0.75364,21.7823,41.9864,174.934,161.188,1,0,0,-153.151,-139.405,238.0,59.82,0.0445269,0.151646,4477740000000.0,12.6511,3.06872e-11,-10.513,1,1,1.0,1.1364993942857144
NGC0891,18,0.797,0.723676,147.855,153.072,207.575,330.886,1,0,0,-59.72,-183.031,234.0,17.11,0.0189419,0.0505714,4255740000000.0,12.629,1.03713e-10,-9.98417,1,1,1.0,1.1364993942857144
NGC1003,36,1.136,1.03149,3.23579,3.63963,32.9612,3.97516,1,0,0,-29.7254,-0.739367,115.0,30.24,0.280453,0.58828,505151000000.0,11.7034,1.41731e-11,-10.8485,1,1,1.0,1.1364993942857144
NGC1090,24,1.025,0.9307,4.18303,6.24574,102.379,47.1411,1,0,0,-98.1962,-42.9581,176.0,30.09,0.066482,0.196866,1810780000000.0,12.2579,3.3362e-11,-10.4767,1,1,1.0,1.1364993942857144
NGC1705,14,2.448,2.22278,1.23416,23.5117,10.0758,22.4955,1,0,0,-8.84167,-21.2613,73.2,6.0,0.209485,0.351433,130275000000.0,11.1149,2.89415e-11,-10.5385,1,1,1.0,1.1364993942857144
NGC2366,26,0.955,0.86714,4.26728,6.53913,29.2917,5.95581,1,0,0,-25.0244,-1.68854,53.7,6.06,0.48408,0.793141,51434000000.0,10.7113,1.54215e-11,-10.8119,1,1,1.0,1.1364993942857144
NGC2403,73,1.707,1.54996,26.9055,535.296,24.1414,186.569,0,1,0,2.76405,-159.664,136.0,20.87,0.149577,0.429295,835496000000.0,11.9219,2.87213e-11,-10.5418,1,1,1.0,1.1364993942857144
NGC2683,11,1.114,1.01151,3.42754,3.43168,9.40009,14.0427,1,0,0,-5.97254,-10.6152,212.0,34.62,0.019463,0.0235637,3164720000000.0,12.5003,4.20721e-11,-10.376,1,1,1.0,1.1364993942857144
NGC2841,50,2.144,1.94675,18.2188,158.063,51.6275,13.7166,0,0,1,-33.4087,4.5022,323.0,63.64,0.0806817,0.268434,11192700000000.0,13.0489,5.31281e-11,-10.2747,1,1,1.0,1.1364993942857144
NGC2903,34,1.367,1.24124,126.987,140.724,162.75,280.103,1,0,0,-35.763,-153.116,216.0,24.96,0.0259747,0.0624513,3347260000000.0,12.5247,6.05776e-11,-10.2177,1,1,1.0,1.1364993942857144
NGC2915,30,2.202,1.99942,1.12603,10.6537,5.49532,8.15717,1,0,0,-4.36929,-7.03114,86.5,10.04,0.295568,0.587059,214969000000.0,11.3324,2.41517e-11,-10.6171,1,1,1.0,1.1364993942857144
NGC2955,24,0.579,0.525732,38.0521,40.3637,58.8439,83.8003,1,0,0,-20.7918,-45.7483,276.0,35.43,0.0322983,0.132153,6983210000000.0,12.8441,6.96781e-11,-10.1569,1,1,1.0,1.1364993942857144
NGC2976,27,0.969,0.879852,1.08235,1.22952,4.15795,5.39263,1,0,0,-3.0756,-4.31028,88.7,2.27,0.0557918,0.141056,231792000000.0,11.3651,1.12324e-10,-9.94953,1,1,1.0,1.1364993942857144
NGC2998,13,1.252,1.13682,4.30707,12.5405,45.6397,21.3874,1,0,0,-41.3326,-17.0803,214.0,42.28,0.0619386,0.196928,3255140000000.0,12.5126,3.51028e-11,-10.4547,1,1,1.0,1.1364993942857144
NGC3109,25,1.399,1.27029,7.05229,11.4614,7.12861,14.7511,1,0,0,-0.0763172,-7.69879,67.3,6.45,0.510411,0.702872,101245000000.0,11.0054,2.27573e-11,-10.6429,1,1,1.0,1.1364993942857144
NGC3198,43,1.165,1.05782,9.13502,10.8191,45.0994,28.8783,1,0,0,-35.9644,-19.7433,157.0,44.08,0.0937519,0.375997,1285370000000.0,12.109,1.8122e-11,-10.7418,1,1,1.0,1.1364993942857144
NGC3521,41,1.384,1.25667,22.7468,23.0071,27.3547,32.7085,1,0,0,-4.60784,-9.96171,220.0,17.74,0.00994079,0.0758745,3536680000000.0,12.5486,8.84181e-11,-10.0535,1,1,1.0,1.1364993942857144
NGC3726,12,0.81,0.73548,6.21802,11.0515,37.3102,49.3897,1,0,0,-31.0921,-43.1717,169.0,32.52,0.0681755,0.133162,1603200000000.0,12.205,2.84625e-11,-10.5457,1,1,1.0,1.1364993942857144
NGC3741,21,1.432,1.30026,1.67966,5.6362,2.27828,3.77523,1,0,0,-0.598629,-2.09558,51.6,7.0,0.626074,0.912148,45632800000.0,10.6593,1.23268e-11,-10.9091,1,1,1.0,1.1364993942857144
NGC3769,12,1.091,0.990628,3.24071,3.2447,10.645,7.03559,1,0,0,-7.40428,-3.79488,126.0,37.16,0.157416,0.313197,664415000000.0,11.8224,1.38457e-11,-10.8587,1,1,1.0,1.1364993942857144
NGC3877,13,0.395,0.35866,7.62766,13.5274,21.9234,46.9511,1,0,0,-14.2958,-39.3235,171.0,11.35,0.0127131,0.0248329,1660800000000.0,12.2203,8.34922e-11,-10.0784,1,1,1.0,1.1364993942857144
NGC3893,10,1.495,1.35746,9.10411,11.0185,11.5675,16.8979,1,0,0,-2.46339,-7.79376,194.0,19.05,0.0624974,0.12219,2425120000000.0,12.3847,6.40262e-11,-10.1936,1,1,1.0,1.1364993942857144
NGC3917,17,1.434,1.30207,3.2201,10.6025,5.91142,2.49884,0,0,1,-2.69132,0.721266,138.0,14.86,0.0471218,0.11456,872901000000.0,11.941,4.15326e-11,-10.3816,1,1,1.0,1.1364993942857144
NGC3949,7,0.05,0.0454,12.9411,18.5959,28.0877,39.4776,1,0,0,-15.1466,-26.5365,169.0,7.07,0.0333072,0.0824973,1603200000000.0,12.205,1.30919e-10,-9.883,1,1,1.0,1.1364993942857144
NGC3953,8,0.776,0.704608,0.910986,2.05626,8.92111,34.4123,1,0,0,-8.01013,-33.5013,224.0,15.68,0.00906117,0.0285462,3733120000000.0,12.5721,1.03705e-10,-9.9842,1,1,1.0,1.1364993942857144
NGC3972,10,1.671,1.51727,1.10423,9.43825,1.05188,2.02388,0,1,0,0.0523471,-0.919653,134.0,8.72,0.0429282,0.0957457,799175000000.0,11.9026,6.67333e-11,-10.1757,1,1,1.0,1.1364993942857144
NGC3992,9,1.565,1.42102,5.84434,24.2198,6.70945,4.014,0,0,1,-0.86511,1.83034,272.0,46.02,0.0447192,0.081034,6683970000000.0,12.825,5.21004e-11,-10.2832,1,1,1.0,1.1364993942857144
NGC4010,12,1.263,1.1468,2.73118,3.59318,7.0025,5.70363,1,0,0,-4.27132,-2.97246,129.0,10.47,0.0662282,0.122633,713012000000.0,11.8531,5.15089e-11,-10.2881,1,1,1.0,1.1364993942857144
NGC4013,36,1.174,1.06599,6.43354,6.93261,22.9891,35.3169,1,0,0,-16.5556,-28.8833,198.0,31.01,0.0385539,0.0577351,2578240000000.0,12.4113,4.09711e-11,-10.3875,1,1,1.0,1.1364993942857144
NGC4051,7,0.27,0.24516,2.08424,9.36203,17.64,35.13,1,0,0,-15.5557,-33.0458,161.0,12.19,0.0173031,0.0499504,1386130000000.0,12.1418,6.89124e-11,-10.1617,1,1,1.0,1.1364993942857144
NGC4068,6,0.667,0.605636,1.6751,11.2935,33.8936,4.47636,1,0,0,-32.2185,-2.80126,41.9,2.33,0.197612,0.435519,24432600000.0,10.388,2.44186e-11,-10.6123,1,1,1.0,1.1364993942857144
NGC4085,7,0.072,0.065376,14.3096,21.5894,31.5157,48.1006,1,0,0,-17.2061,-33.791,136.0,6.2,0.0158733,0.0312648,835496000000.0,11.9219,9.66798e-11,-10.0147,1,1,1.0,1.1364993942857144
NGC4088,12,0.466,0.423128,26.6821,38.78,66.3475,90.4481,1,0,0,-39.6654,-63.7661,182.0,21.48,0.0482268,0.0979056,2002360000000.0,12.3015,4.99756e-11,-10.3012,1,1,1.0,1.1364993942857144
NGC4100,24,1.508,1.36926,2.98037,9.77743,3.56229,4.69708,1,0,0,-0.581912,-1.71671,195.0,22.76,0.0436685,0.0817168,2462810000000.0,12.3914,5.41435e-11,-10.2665,1,1,1.0,1.1364993942857144
NGC4138,7,1.331,1.20855,1.87128,2.23285,2.98743,3.49791,1,0,0,-1.11615,-1.62663,195.0,18.58,0.0243029,0.0495283,2462810000000.0,12.3914,6.63243e-11,-10.1783,1,1,1.0,1.1364993942857144
NGC4157,17,0.991,0.899828,9.66441,10.0742,23.2992,35.2785,1,0,0,-13.6348,-25.6141,201.0,29.61,0.0628331,0.104406,2697220000000.0,12.4309,4.42184e-11,-10.3544,1,1,1.0,1.1364993942857144
NGC4183,23,1.158,1.05146,2.07555,2.24137,7.50898,0.594189,0,0,1,-5.43343,1.48136,115.0,21.02,0.1942,0.334424,505151000000.0,11.7034,2.03898e-11,-10.6906,1,1,1.0,1.1364993942857144
NGC4214,14,2.169,1.96945,0.764696,9.3449,3.14443,7.72806,1,0,0,-2.37974,-6.96337,80.6,5.63,0.101077,0.17494,173913000000.0,11.2403,3.73948e-11,-10.4272,1,1,1.0,1.1364993942857144
NGC4217,19,0.937,0.850796,68.9973,69.4274,84.3297,102.927,1,0,0,-15.3324,-33.9301,191.0,16.72,0.0197436,0.0472725,2314340000000.0,12.3644,7.07099e-11,-10.1505,1,1,1.0,1.1364993942857144
NGC4389,6,0.05,0.0454,43.2041,65.2687,79.8691,98.3133,1,0,0,-36.665,-55.1092,110.0,5.32,0.0117529,0.0239757,442085000000.0,11.6455,7.37095e-11,-10.1325,1,1,1.0,1.1364993942857144
NGC4559,32,1.015,0.92162,1.0266,1.63191,23.8274,7.91423,1,0,0,-22.8008,-6.88763,124.0,20.97,0.155536,0.388522,633276000000.0,11.8016,2.37626e-11,-10.6241,1,1,1.0,1.1364993942857144
NGC5005,18,0.05,0.0454,10.6898,11.4915,13.9676,16.8259,1,0,0,-3.27781,-6.13616,265.0,11.47,0.0436195,0.0356204,6181090000000.0,12.7911,1.98417e-10,-9.70242,1,1,1.0,1.1364993942857144
NGC5033,22,1.56,1.41648,36.3592,109.137,28.8463,22.1546,0,0,1,7.51298,14.2046,225.0,44.59,0.0810809,0.142556,3783340000000.0,12.5779,3.6794e-11,-10.4342,1,1,1.0,1.1364993942857144
NGC5055,28,0.77,0.69916,1912.96,2168.57,3524.64,4467.06,1,0,0,-1611.68,-2554.1,206.0,54.59,0.0467137,0.127234,2903550000000.0,12.4629,2.51925e-11,-10.5987,1,1,1.0,1.1364993942857144
NGC5371,19,0.547,0.496676,29.3415,102.89,276.646,419.947,1,0,0,-247.305,-390.605,242.0,46.24,0.025115,0.04711,4707320000000.0,12.6728,4.10452e-11,-10.3867,1,1,1.0,1.1364993942857144
NGC5585,24,1.17,1.06236,16.4987,17.3728,44.1894,38.9869,1,0,0,-27.6907,-22.4882,92.3,10.96,0.138601,0.464416,261176000000.0,11.4169,2.51908e-11,-10.5988,1,1,1.0,1.1364993942857144
NGC5907,19,1.224,1.11139,11.1547,20.5778,88.1621,71.8977,1,0,0,-77.0074,-60.7431,235.0,50.33,0.0896926,0.195303,4310540000000.0,12.6345,3.55597e-11,-10.449,1,1,1.0,1.1364993942857144
NGC5985,33,2.829,2.56873,45.2684,237.64,132.532,52.9895,1,0,0,-87.2637,-7.72118,305.0,34.72,0.0196188,0.0627776,9423830000000.0,12.9742,8.68299e-11,-10.0613,1,1,1.0,1.1364993942857144
NGC6015,44,1.548,1.40558,15.3532,36.8177,14.8412,8.89682,0,0,1,0.512027,6.4564,166.0,29.23,0.115234,0.230631,1519330000000.0,12.1817,3.05518e-11,-10.515,1,1,1.0,1.1364993942857144
NGC6195,23,0.758,0.688264,31.2808,35.3381,65.9496,111.663,1,0,0,-34.6687,-80.3818,258.0,36.43,0.0277777,0.0849177,5704100000000.0,12.7562,5.92147e-11,-10.2276,1,1,1.0,1.1364993942857144
NGC6503,31,1.283,1.16496,13.2933,40.3704,51.915,30.3651,1,0,0,-38.6217,-17.0718,121.0,23.5,0.119725,0.214025,588415000000.0,11.7697,2.01907e-11,-10.6948,1,1,1.0,1.1364993942857144
NGC6674,15,1.415,1.28482,25.2892,115.939,31.7751,54.7955,1,0,0,-6.48596,-29.5063,291.0,72.41,0.0684651,0.132023,8184770000000.0,12.913,3.78998e-11,-10.4214,1,1,1.0,1.1364993942857144
NGC6789,4,3.0,2.724,1.25002,9.70144,5.4875,8.97611,1,0,0,-4.23748,-7.72609,60.4,0.71,0.187103,0.235782,73187800000.0,10.8644,1.66519e-10,-9.77854,1,1,1.0,1.1364993942857144
NGC6946,58,0.803,0.729124,39.3848,46.3576,94.6382,194.833,1,0,0,-55.2534,-155.448,181.0,20.4,0.0393187,0.070327,1969530000000.0,12.2944,5.20447e-11,-10.2836,1,1,1.0,1.1364993942857144
NGC7331,36,1.102,1.00062,114.004,114.004,162.55,260.322,1,0,0,-48.5458,-146.319,257.0,36.31,0.0391273,0.0679242,5638030000000.0,12.7511,5.89508e-11,-10.2295,1,1,1.0,1.1364993942857144
NGC7793,46,1.249,1.13409,1.0267,1.15568,1.47245,2.36039,1,0,0,-0.445751,-1.33369,116.0,7.87,0.0463935,0.176396,518444000000.0,11.7147,5.54103e-11,-10.2564,1,1,1.0,1.1364993942857144
NGC7814,18,2.437,2.2128,7.23501,121.719,46.3042,16.3333,1,0,0,-39.0691,-9.09834,265.0,19.53,0.0100447,0.0290841,6181090000000.0,12.7911,1.1653e-10,-9.93356,1,1,1.0,1.1364993942857144
PGC51017,6,0.23,0.20884,1.88239,96.1177,156.0,21.6048,1,0,0,-154.117,-19.7224,20.5,3.63,0.316249,0.489548,2861470000.0,9.45659,3.75189e-12,-11.4257,1,1,1.0,1.1364993942857144
UGC00128,22,1.247,1.13228,58.6194,117.403,120.67,42.8817,0,0,1,-62.0509,15.7377,134.0,53.75,0.344269,0.53915,799175000000.0,11.9026,1.08263e-11,-10.9655,1,1,1.0,1.1364993942857144
UGC00191,9,1.209,1.09777,7.51157,13.6939,41.6627,22.248,1,0,0,-34.1512,-14.7364,83.85,9.98,0.152579,0.527089,195811000000.0,11.2918,2.2831e-11,-10.6415,1,1,1.0,1.1364993942857144
UGC00634,4,1.444,1.31115,1.16915,69.5552,1.31336,57.5568,1,0,0,-0.144218,-56.3877,108.0,18.01,0.445526,0.621912,418407000000.0,11.6216,2.09886e-11,-10.678,1,1,1.0,1.1364993942857144
UGC00731,12,1.388,1.2603,9.94559,15.8912,10.5101,11.8925,1,0,0,-0.564495,-1.9469,74.0,10.91,0.596409,0.8859,134593000000.0,11.129,1.62663e-11,-10.7887,1,1,1.0,1.1364993942857144
UGC00891,5,1.178,1.06962,8.28832,14.2006,62.0413,55.6683,1,0,0,-53.753,-47.3799,63.75,7.39,0.497654,0.617888,86053500000.0,10.9348,1.78224e-11,-10.749,1,1,1.0,1.1364993942857144
UGC01230,11,1.096,0.995168,2.82073,2.82106,3.62807,1.95593,0,0,1,-0.807336,0.864806,113.0,36.54,0.277514,0.617116,479251000000.0,11.6806,1.1325e-11,-10.946,1,1,1.0,1.1364993942857144
UGC01281,25,1.179,1.07053,1.20011,1.27776,1.98505,2.31318,1,0,0,-0.784942,-1.11307,56.9,4.99,0.305092,0.557447,61187800000.0,10.7867,2.10268e-11,-10.6772,1,1,1.0,1.1364993942857144
UGC02023,5,0.721,0.654668,0.519641,1.3892,4.07005,1.09198,1,0,0,-3.55041,-0.572338,58.8,3.78,0.119904,0.221217,67524200000.0,10.8295,2.96423e-11,-10.5281,1,1,1.0,1.1364993942857144
UGC02259,8,1.819,1.65165,10.9841,95.3541,21.3374,88.8462,1,0,0,-10.3533,-77.862,90.0,8.14,0.201657,0.370437,242134000000.0,11.3841,3.22485e-11,-10.4915,1,1,1.0,1.1364993942857144
UGC02455,8,0.05,0.0454,37.3632,94.7733,134.801,124.438,1,0,0,-97.4375,-87.0748,61.0,4.03,0.0667456,0.172199,75390600000.0,10.8773,2.99229e-11,-10.524,1,1,1.0,1.1364993942857144
UGC02487,17,2.048,1.85958,67.9301,565.153,151.902,28.9219,0,0,1,-83.9722,39.0082,383.0,80.38,0.0271031,0.0612356,18660500000000.0,13.2709,5.91424e-11,-10.2281,1,1,1.0,1.1364993942857144
UGC02885,19,1.499,1.36109,1.0769,9.21624,1.85935,4.40173,1,0,0,-0.782452,-3.32483,305.0,74.07,0.0845053,0.220965,9423830000000.0,12.9742,4.07012e-11,-10.3904,1,1,1.0,1.1364993942857144
UGC02916,43,0.867,0.787236,176.35,178.413,240.862,340.78,1,0,0,-64.5119,-164.429,218.0,38.0,0.0446699,0.245109,3441100000000.0,12.5367,4.05302e-11,-10.3922,1,1,1.0,1.1364993942857144
UGC02953,115,1.979,1.79693,55.3556,344.121,133.634,118.611,1,0,0,-78.2781,-63.2553,319.0,62.39,0.0110809,0.0487413,10782000000000.0,13.0327,5.28586e-11,-10.2769,1,1,1.0,1.1364993942857144
UGC03205,48,1.595,1.44826,5.76742,51.464,4.45297,6.60498,0,1,0,1.31446,-0.837556,237.0,40.04,0.028772,0.126606,4421530000000.0,12.6456,4.54624e-11,-10.3423,1,1,1.0,1.1364993942857144
UGC03546,30,1.44,1.30752,17.9491,61.3087,31.1097,190.869,1,0,0,-13.1606,-172.92,262.0,29.23,0.0127934,0.0430345,5973540000000.0,12.7762,7.61068e-11,-10.1186,1,1,1.0,1.1364993942857144
UGC03580,47,1.127,1.02332,72.6107,72.8157,128.133,130.944,1,0,0,-55.5218,-58.3329,131.0,27.06,0.0801854,0.360347,746692000000.0,11.8731,2.05525e-11,-10.6871,1,1,1.0,1.1364993942857144
UGC04278,25,1.394,1.26575,2.2197,3.97088,2.74562,3.73892,1,0,0,-0.525916,-1.51921,92.8,6.69,0.138111,0.563328,265443000000.0,11.424,4.17176e-11,-10.3797,1,1,1.0,1.1364993942857144
UGC04305,22,0.326,0.296008,1.6458,41.8269,78.9196,15.4254,1,0,0,-77.2738,-13.7796,37.3,5.52,0.230478,0.509241,17236700000.0,10.2365,8.16823e-12,-11.0879,1,1,1.0,1.1364993942857144
UGC04325,8,2.175,1.9749,8.61137,56.6501,19.6527,45.4975,1,0,0,-11.0414,-36.8861,92.7,5.59,0.160831,0.292692,264586000000.0,11.4226,4.98192e-11,-10.3026,1,1,1.0,1.1364993942857144
UGC04483,8,0.896,0.813568,0.447617,2.15286,11.5573,2.3992,1,0,0,-11.1097,-1.95159,24.3,1.21,0.477765,0.745589,4765920000.0,9.67815,1.58153e-11,-10.8009,1,1,1.0,1.1364993942857144
UGC04499,9,1.085,0.98518,1.10181,1.12601,15.2235,2.24753,1,0,0,-14.1217,-1.14572,74.3,8.18,0.279103,0.486547,136237000000.0,11.1343,2.18713e-11,-10.6601,1,1,1.0,1.1364993942857144
UGC05005,11,0.895,0.81266,0.358055,0.969442,4.19476,1.12151,1,0,0,-3.83671,-0.763458,100.0,28.61,0.294397,0.695477,332145000000.0,11.5213,1.13274e-11,-10.9459,1,1,1.0,1.1364993942857144
UGC05253,73,1.666,1.51273,86.4007,113.571,109.097,144.96,1,0,0,-22.6966,-58.5591,248.0,53.29,0.0156105,0.135692,5066210000000.0,12.7047,3.74031e-11,-10.4271,1,1,1.0,1.1364993942857144
UGC05414,6,1.001,0.908908,1.32325,2.02418,19.5981,2.27936,1,0,0,-18.2749,-0.956112,61.4,4.11,0.204138,0.317045,76883400000.0,10.8858,2.97265e-11,-10.5269,1,1,1.0,1.1364993942857144
UGC05716,12,1.32,1.19856,15.7727,67.424,22.2652,95.4186,1,0,0,-6.49255,-79.6459,74.7,12.37,0.478827,0.784179,138449000000.0,11.1413,1.46191e-11,-10.8351,1,1,1.0,1.1364993942857144
UGC05721,23,2.421,2.19827,2.74581,22.4007,10.3948,19.5001,1,0,0,-7.64899,-16.7543,82.6,6.74,0.277907,0.637317,187184000000.0,11.2723,3.28057e-11,-10.4841,1,1,1.0,1.1364993942857144
UGC05750,11,0.809,0.734572,0.53502,1.9249,6.03691,1.74319,1,0,0,-5.50189,-1.20817,78.9,22.85,0.202286,0.659454,163139000000.0,11.2126,8.82912e-12,-11.0541,1,1,1.0,1.1364993942857144
UGC05764,10,2.236,2.03029,28.2047,480.744,224.862,608.385,1,0,0,-196.657,-580.18,55.8,3.62,0.587002,0.755406,57707200000.0,10.7612,2.78746e-11,-10.5548,1,1,1.0,1.1364993942857144
UGC05829,11,1.036,0.940688,0.0540275,0.139039,2.98674,0.20174,1,0,0,-2.93271,-0.147713,68.6,6.91,0.373636,0.744941,107226000000.0,11.0303,2.20709e-11,-10.6562,1,1,1.0,1.1364993942857144
UGC05918,8,1.063,0.965204,0.384124,0.410476,2.28275,1.01195,1,0,0,-1.89863,-0.627831,44.5,4.46,0.26855,0.460797,29269000000.0,10.4664,1.43891e-11,-10.842,1,1,1.0,1.1364993942857144
UGC05986,15,2.049,1.86049,3.48491,67.1674,14.7512,39.4402,1,0,0,-11.2663,-35.9552,116.0,9.41,0.100441,0.246784,518444000000.0,11.7147,4.63421e-11,-10.334,1,1,1.0,1.1364993942857144
UGC05999,5,1.106,1.00425,1.91331,1.91475,8.17504,2.35963,1,0,0,-6.26173,-0.446324,100.0,16.22,0.380449,0.662639,332145000000.0,11.5213,1.99801e-11,-10.6994,1,1,1.0,1.1364993942857144
UGC06399,9,1.448,1.31478,0.358026,3.81887,0.480908,4.09347,1,0,0,-0.122882,-3.73544,87.6,7.85,0.13853,0.288408,223275000000.0,11.3488,3.16802e-11,-10.4992,1,1,1.0,1.1364993942857144
UGC06446,17,1.675,1.5209,1.61114,10.7645,2.2288,11.0288,1,0,0,-0.617658,-9.41762,84.9,10.22,0.36531,0.700697,203259000000.0,11.3081,2.28567e-11,-10.641,1,1,1.0,1.1364993942857144
UGC06614,13,1.076,0.977008,2.28215,2.29644,6.66521,12.7612,1,0,0,-4.38306,-10.479,205.0,64.59,0.0563975,0.308013,2861470000000.0,12.4566,2.10859e-11,-10.676,1,1,1.0,1.1364993942857144
UGC06628,7,0.308,0.279664,0.317194,10.8737,21.187,4.504,1,0,0,-20.8698,-4.1868,42.3,7.69,0.130541,0.310834,25139000000.0,10.4003,7.54056e-12,-11.1226,1,1,1.0,1.1364993942857144
UGC06667,9,2.179,1.97853,3.35007,41.5164,20.496,32.2382,1,0,0,-17.1459,-28.8881,85.7,7.85,0.37945,0.509492,209060000000.0,11.3203,3.03209e-11,-10.5183,1,1,1.0,1.1364993942857144
UGC06786,45,2.452,2.22642,9.54215,327.967,109.133,89.3459,1,0,0,-99.5906,-79.8038,229.0,34.05,0.0203819,0.0801088,3988730000000.0,12.6008,4.99118e-11,-10.3018,1,1,1.0,1.1364993942857144
UGC06787,71,2.613,2.3726,61.0417,435.078,225.302,93.0769,1,0,0,-164.26,-32.0352,276.0,37.19,0.0161505,0.0842774,6983210000000.0,12.8441,6.63806e-11,-10.178,1,1,1.0,1.1364993942857144
UGC06818,8,0.868,0.788144,4.06489,5.47942,14.4737,6.09384,1,0,0,-10.4088,-2.02895,74.4,6.98,0.107511,0.265826,136788000000.0,11.136,2.57004e-11,-10.5901,1,1,1.0,1.1364993942857144
UGC06917,11,1.481,1.34475,0.877137,8.47148,1.33821,4.08312,1,0,0,-0.461072,-3.20598,111.0,10.47,0.108931,0.272741,454252000000.0,11.6573,3.81372e-11,-10.4187,1,1,1.0,1.1364993942857144
UGC06923,6,1.248,1.13318,0.965345,1.41611,3.71869,1.77283,1,0,0,-2.75334,-0.807488,81.1,5.16,0.148569,0.260853,177170000000.0,11.2484,4.13087e-11,-10.384,1,1,1.0,1.1364993942857144
UGC06930,10,1.183,1.07416,1.07644,1.33701,5.07902,0.545484,0,0,1,-4.00258,0.53096,109.0,16.61,0.195396,0.37422,430137000000.0,11.6336,2.3181e-11,-10.6349,1,1,1.0,1.1364993942857144
UGC06973,9,0.05,0.0454,333.449,349.695,390.566,428.724,1,0,0,-57.1168,-95.2749,180.0,7.85,0.0167111,0.0294882,1937070000000.0,12.2871,1.3376e-10,-9.87368,1,1,1.0,1.1364993942857144
UGC06983,17,1.591,1.44463,1.64071,10.7353,1.17997,6.84905,0,1,0,0.460748,-5.20834,113.0,15.68,0.240598,0.501249,479251000000.0,11.6806,2.63913e-11,-10.5785,1,1,1.0,1.1364993942857144
UGC07089,12,0.794,0.720952,0.496892,4.02721,18.5478,3.45075,1,0,0,-18.0509,-2.95386,79.1,9.16,0.140251,0.251864,164383000000.0,11.2159,2.21364e-11,-10.6549,1,1,1.0,1.1364993942857144
UGC07125,13,0.576,0.523008,1.31981,76.7272,177.363,18.3934,1,0,0,-176.043,-17.0736,65.6,18.68,0.37183,0.634576,93764700000.0,10.972,7.46587e-12,-11.1269,1,1,1.0,1.1364993942857144
UGC07151,11,1.281,1.16315,2.36933,4.58651,8.61896,2.7511,1,0,0,-6.24963,-0.381774,76.2,5.5,0.125889,0.259225,146958000000.0,11.1672,3.42134e-11,-10.4658,1,1,1.0,1.1364993942857144
UGC07232,4,1.586,1.44009,1.69692,3.25452,1.86256,3.66785,1,0,0,-0.165642,-1.97093,44.0,0.82,0.117571,0.216403,28293400000.0,10.4517,7.6514e-11,-10.1163,1,1,1.0,1.1364993942857144
UGC07261,7,1.299,1.17949,0.55642,1.24963,1.39886,1.36617,1,0,0,-0.84244,-0.809751,76.1,6.67,0.131593,0.411259,146380000000.0,11.1655,2.8138e-11,-10.5507,1,1,1.0,1.1364993942857144
UGC07323,10,1.027,0.932516,0.94748,1.15497,12.8468,2.54637,1,0,0,-11.8993,-1.59889,85.6,5.82,0.0687056,0.182084,208329000000.0,11.3187,4.08013e-11,-10.3893,1,1,1.0,1.1364993942857144
UGC07399,10,3.0,2.724,2.28465,114.35,61.2401,91.3582,1,0,0,-58.9555,-89.0736,106.0,6.13,0.231215,0.403736,395590000000.0,11.5972,5.9402e-11,-10.2262,1,1,1.0,1.1364993942857144
UGC07524,31,1.105,1.00334,1.41222,1.41337,9.63194,1.34651,0,0,1,-8.21972,0.0657101,83.8,10.69,0.23092,0.448545,195461000000.0,11.2911,2.12892e-11,-10.6718,1,1,1.0,1.1364993942857144
UGC07559,7,0.639,0.580212,0.47016,5.67433,14.5233,1.01989,1,0,0,-14.0531,-0.549726,32.1,2.53,0.277132,0.530673,10986100000.0,10.0408,1.31989e-11,-10.8795,1,1,1.0,1.1364993942857144
UGC07577,9,0.246,0.223368,0.215303,14.7649,23.3914,3.63313,1,0,0,-23.1761,-3.41782,17.8,1.69,0.207384,0.371196,1873220000.0,9.27259,6.07579e-12,-11.2164,1,1,1.0,1.1364993942857144
UGC07603,12,1.74,1.57992,1.22184,14.0865,3.14356,18.5201,1,0,0,-1.92172,-17.2982,64.0,4.11,0.216674,0.40546,87069800000.0,10.9399,3.22974e-11,-10.4908,1,1,1.0,1.1364993942857144
UGC07608,8,1.797,1.63168,0.370803,3.13319,1.05784,3.44262,1,0,0,-0.687039,-3.07182,69.3,4.78,0.419495,0.687545,110542000000.0,11.0435,3.25603e-11,-10.4873,1,1,1.0,1.1364993942857144
UGC07690,7,1.167,1.05964,1.1018,1.1846,3.45321,0.656154,0,0,1,-2.35141,0.445648,60.7,4.13,0.172217,0.340506,74283700000.0,10.8709,2.89119e-11,-10.5389,1,1,1.0,1.1364993942857144
UGC07866,7,0.731,0.663748,0.0247468,1.86932,6.18791,0.0639998,1,0,0,-6.16316,-0.039253,33.1,2.32,0.231966,0.434786,12045100000.0,10.0808,1.53044e-11,-10.8152,1,1,1.0,1.1364993942857144
UGC08286,17,1.769,1.60625,6.12997,58.3993,11.9256,59.3333,1,0,0,-5.7956,-53.2033,84.3,8.04,0.213745,0.478796,198980000000.0,11.2988,2.8645e-11,-10.543,1,1,1.0,1.1364993942857144
UGC08490,30,1.707,1.54996,2.5255,16.6169,3.17074,16.121,1,0,0,-0.645231,-13.5955,80.1,10.15,0.329214,0.534442,170697000000.0,11.2322,2.04856e-11,-10.6886,1,1,1.0,1.1364993942857144
UGC08550,11,1.414,1.28391,1.12031,8.58113,0.928851,17.7703,0,1,0,0.191456,-16.65,57.8,5.36,0.300613,0.667084,64137400000.0,10.8071,2.01995e-11,-10.6947,1,1,1.0,1.1364993942857144
UGC08699,41,1.855,1.68434,8.83376,27.1689,16.6032,15.2985,1,0,0,-7.76944,-6.46477,202.0,25.7,0.0290151,0.114621,2737670000000.0,12.4374,5.1454e-11,-10.2886,1,1,1.0,1.1364993942857144
UGC08837,8,0.538,0.488504,4.71662,26.9994,57.7496,14.8373,1,0,0,-53.033,-10.1207,48.0,4.2,0.221557,0.441546,36732600000.0,10.5651,1.7778e-11,-10.7501,1,1,1.0,1.1364993942857144
UGC09037,22,0.756,0.686448,21.4824,28.5469,60.1422,68.5708,1,0,0,-38.6598,-47.0884,160.0,27.96,0.139174,0.295552,1360470000000.0,12.1337,2.96724e-11,-10.5276,1,1,1.0,1.1364993942857144
UGC09133,68,1.108,1.00606,74.5528,74.6039,252.104,335.119,1,0,0,-177.551,-260.566,289.0,108.31,0.0507874,0.188412,8017170000000.0,12.904,2.49906e-11,-10.6022,1,1,1.0,1.1364993942857144
UGC09992,5,0.583,0.529364,0.375392,4.08676,9.66132,0.502383,1,0,0,-9.28593,-0.12699,34.3,3.89,0.260756,0.387812,13403200000.0,10.1272,9.8014e-12,-11.0087,1,1,1.0,1.1364993942857144
UGC10310,7,1.146,1.04057,0.815809,0.868032,3.72335,1.11314,1,0,0,-2.90754,-0.297328,73.2,7.74,0.211045,0.431745,130275000000.0,11.1149,2.24352e-11,-10.6491,1,1,1.0,1.1364993942857144
UGC11455,36,1.101,0.999708,21.6195,21.6195,35.8759,70.673,1,0,0,-14.2564,-49.0535,291.0,41.93,0.0132145,0.0539984,8184770000000.0,12.913,6.54501e-11,-10.1841,1,1,1.0,1.1364993942857144
UGC11557,12,0.369,0.335052,2.04165,11.697,27.0588,15.9823,1,0,0,-25.0172,-13.9406,85.0,10.56,0.0416104,0.150932,203979000000.0,11.3096,2.21729e-11,-10.6542,1,1,1.0,1.1364993942857144
UGC11820,10,1.043,0.947044,1.68488,4.88839,118.455,1.15402,0,0,1,-116.77,0.530868,84.45,15.82,0.324888,0.811983,200045000000.0,11.3011,1.46097e-11,-10.8354,1,1,1.0,1.1364993942857144
UGC11914,65,1.886,1.71249,9.70264,11.4393,14.7941,30.7914,1,0,0,-5.09149,-21.0888,305.0,9.83,0.00182115,0.0129101,9423830000000.0,12.9742,3.06687e-10,-9.5133,1,1,1.0,1.1364993942857144
UGC12506,31,1.846,1.67617,6.014,15.9444,6.26884,3.54698,0,0,1,-0.254842,2.46702,255.0,49.99,0.130809,0.334783,5507420000000.0,12.7409,4.21548e-11,-10.3752,1,1,1.0,1.1364993942857144
UGC12632,15,1.109,1.00697,2.09375,2.09774,9.15471,2.69524,1,0,0,-7.06096,-0.601488,73.2,10.66,0.284991,0.579977,130275000000.0,11.1149,1.62897e-11,-10.7881,1,1,1.0,1.1364993942857144
UGC12732,16,1.267,1.15044,0.968208,3.11891,2.63566,1.85768,1,0,0,-1.66745,-0.889471,98.0,15.4,0.350194,0.784152,312612000000.0,11.495,2.02107e-11,-10.6944,1,1,1.0,1.1364993942857144
UGCA281,7,1.062,0.964296,0.251298,0.30577,7.75657,2.40726,1,0,0,-7.50527,-2.15596,29.5,1.08,0.191012,0.265251,8526950000.0,9.93079,2.61138e-11,-10.5831,1,1,1.0,1.1364993942857144
UGCA442,8,1.395,1.26666,2.13601,18.1683,3.29701,26.2502,1,0,0,-1.161,-24.1142,57.8,6.33,0.682832,0.71327,64137400000.0,10.8071,1.71041e-11,-10.7669,1,1,1.0,1.1364993942857144
UGCA444,36,1.07,0.97156,0.112377,0.122468,1.25779,0.637665,1,0,0,-1.14542,-0.525288,38.3,2.62,0.805434,0.873728,18660500000.0,10.2709,1.81445e-11,-10.7413,1,1,1.0,1.1364993942857144
